Name,Email,Password,Time,Date
Kamel,a,d,10:13:07,2023-05-22
Kamel,a,d,10:13:14,2023-05-22
Kamel,a,d,10:13:27,2023-05-22
Kamel,a,d,10:13:40,2023-05-22
Kamel,a,d,10:13:56,2023-05-22
 ,,,10:33:04,2023-05-22
Kamel,a,d,10:33:11,2023-05-22
 ,,,10:33:22,2023-05-22
sh,a,b,10:35:26,2023-05-22
mohamed,,s,10:35:46,2023-05-22
sh,a,b,10:36:06,2023-05-22
hady,hady.com,3011,11:55:56,2023-05-22
hady,hady.com,3011,11:56:03,2023-05-22
hady,hady.com,3011,20:21:37,2023-05-22
hady,hady.com,3011,20:21:44,2023-05-22
the7ag,the7ag@gmail.com,123456789,20:22:21,2023-05-22
the7ag,the7ag@gmail.com,123456789,20:22:28,2023-05-22
hady,hady.com,3011,20:22:33,2023-05-22
the7ag,the7ag@gmail.com,123456789,20:22:56,2023-05-22
hady,hady.com,3011,20:23:05,2023-05-22
the7ag,the7ag@gmail.com,123456789,20:23:10,2023-05-22
the7ag,the7ag@gmail.com,123456789,20:23:23,2023-05-22
the7ag,the7ag@gmail.com,123456789,20:23:37,2023-05-22
the7ag,the7ag@gmail.com,123456789,20:23:50,2023-05-22
hady,hady.com,3011,20:24:03,2023-05-22
hady,hady.com,3011,20:24:16,2023-05-22
